{"is_source_file": false, "format": "", "description": "", "external_files": [], "external_methods": [], "published": [], "classes": [], "methods": [], "calls": [], "search-terms": [], "state": 2, "file_id": 4, "knowledge_revision": 16, "git_revision": "6f088ab7e42eadfce2bb77f74ccb305bf94d089d", "hash": "d2b40d02d5f7873d8a6713bad837edd4", "format-version": 4, "code-base-name": "food_delivery_frontend", "filename": "food_delivery_frontend/public/index.html", "revision_history": [{"16": "6f088ab7e42eadfce2bb77f74ccb305bf94d089d"}]}