{"is_source_file": false, "format": "", "description": "", "external_files": [], "external_methods": [], "published": [], "classes": [], "methods": [], "calls": [], "search-terms": [], "state": 2, "file_id": 10, "knowledge_revision": 19, "git_revision": "6f088ab7e42eadfce2bb77f74ccb305bf94d089d", "hash": "6c2104b8d219ed99234ae2d6329f4357", "format-version": 4, "code-base-name": "food_delivery_frontend", "filename": "food_delivery_frontend/src/index.css", "revision_history": [{"19": "6f088ab7e42eadfce2bb77f74ccb305bf94d089d"}]}