{"is_source_file": false, "format": "", "description": "", "external_files": [], "external_methods": [], "published": [], "classes": [], "methods": [], "calls": [], "search-terms": [], "state": 2, "file_id": 12, "knowledge_revision": 21, "git_revision": "6f088ab7e42eadfce2bb77f74ccb305bf94d089d", "hash": "be6538e7523bc2e9da0743133d784136", "format-version": 4, "code-base-name": "food_delivery_frontend", "filename": "food_delivery_frontend/eslint.config.mjs", "revision_history": [{"21": "6f088ab7e42eadfce2bb77f74ccb305bf94d089d"}]}