{"is_source_file": false, "format": "", "description": "", "external_files": [], "external_methods": [], "published": [], "classes": [], "methods": [], "calls": [], "search-terms": ["CSS", "theme", "variables", ":root", ".App", ".theme-toggle"], "state": 2, "file_id": 8, "knowledge_revision": 20, "git_revision": "6f088ab7e42eadfce2bb77f74ccb305bf94d089d", "hash": "22f9e17cc1848b56dbb244518ac2707e", "format-version": 4, "code-base-name": "food_delivery_frontend", "filename": "food_delivery_frontend/src/App.css", "revision_history": [{"20": "6f088ab7e42eadfce2bb77f74ccb305bf94d089d"}]}