{"is_source_file": true, "format": "JavaScript", "description": "This file initializes and renders the root React component for the food delivery frontend application.", "external_files": ["react", "react-dom/client", "./index.css", "./App"], "external_methods": ["ReactDOM.createRoot"], "published": [], "classes": [], "methods": [{"name": "root.render", "description": "Renders the React component tree into the DOM element with id 'root'."}], "calls": ["ReactDOM.createRoot", "root.render", "<React.StrictMode>", "<App />"], "search-terms": ["React", "ReactDOM", "root.render", "App", "index.js", "frontend initialization"], "state": 2, "file_id": 9, "knowledge_revision": 25, "git_revision": "6f088ab7e42eadfce2bb77f74ccb305bf94d089d", "ctags": [{"_type": "tag", "name": "root", "path": "/home/kavia/workspace/code-generation/gourmet-delivery-platform-200650-200659/food_delivery_frontend/src/index.js", "pattern": "/^const root = ReactDOM.createRoot(document.getElementById('root'));$/", "language": "JavaScript", "kind": "constant"}], "hash": "9fc5841375336fc175b49f8767a11383", "format-version": 4, "code-base-name": "food_delivery_frontend", "filename": "food_delivery_frontend/src/index.js", "revision_history": [{"25": "6f088ab7e42eadfce2bb77f74ccb305bf94d089d"}]}