{"is_source_file": false, "format": "", "description": "", "external_files": [], "external_methods": [], "published": [], "classes": [], "methods": [], "calls": [], "search-terms": [], "state": 2, "file_id": 2, "knowledge_revision": 14, "git_revision": "6f088ab7e42eadfce2bb77f74ccb305bf94d089d", "hash": "d001d53c059625c4bcf75bf5a7f3fcf0", "format-version": 4, "code-base-name": "food_delivery_frontend", "filename": "food_delivery_frontend/package.json", "revision_history": [{"14": "6f088ab7e42eadfce2bb77f74ccb305bf94d089d"}]}