{"is_source_file": false, "format": "", "description": "", "external_files": [], "external_methods": [], "published": [], "classes": [], "methods": [], "calls": [], "search-terms": [], "state": 2, "file_id": 11, "knowledge_revision": 18, "git_revision": "6f088ab7e42eadfce2bb77f74ccb305bf94d089d", "hash": "ebece526bc2eadd78ddd787a76c56607", "format-version": 4, "code-base-name": "food_delivery_frontend", "filename": "food_delivery_frontend/README.md", "revision_history": [{"18": "6f088ab7e42eadfce2bb77f74ccb305bf94d089d"}]}