{"is_source_file": false, "format": "", "description": "", "external_files": [], "external_methods": [], "published": [], "classes": [], "methods": [], "calls": [], "search-terms": [], "state": 2, "file_id": 3, "knowledge_revision": 15, "git_revision": "6f088ab7e42eadfce2bb77f74ccb305bf94d089d", "hash": "d9d975cebe2ec20b6c652e1e4c12ccf0", "format-version": 4, "code-base-name": "food_delivery_frontend", "filename": "food_delivery_frontend/public/manifest.json", "revision_history": [{"15": "6f088ab7e42eadfce2bb77f74ccb305bf94d089d"}]}