{"is_source_file": true, "format": "JavaScript (React JSX)", "description": "This is the main React component file 'App.js' for a frontend application managing a theme toggle feature using React hooks.", "external_files": ["./logo.svg", "./App.css"], "external_methods": ["React.useState", "React.useEffect"], "published": ["App"], "classes": [], "methods": [{"name": "App()", "description": "React functional component that renders the main application interface with a theme toggle button, logo, and links.", "scope": "", "scopeKind": ""}], "calls": ["React.useState", "React.useEffect", "document.documentElement.setAttribute", "setTheme", "toggleTheme"], "search-terms": ["React component", "theme toggle", "App.js", "useState", "useEffect", "dark mode", "light mode"], "state": 2, "file_id": 6, "knowledge_revision": 22, "git_revision": "6f088ab7e42eadfce2bb77f74ccb305bf94d089d", "ctags": [{"_type": "tag", "name": "App", "path": "/home/kavia/workspace/code-generation/gourmet-delivery-platform-200650-200659/food_delivery_frontend/src/App.js", "pattern": "/^function App() {$/", "language": "JavaScript", "kind": "function", "signature": "()"}, {"_type": "tag", "name": "Switch to ${theme === 'light' ? 'dark' : 'light'} mode", "path": "/home/kavia/workspace/code-generation/gourmet-delivery-platform-200650-200659/food_delivery_frontend/src/App.js", "pattern": "/^          aria-label={`Switch to ${theme === 'light' ? 'dark' : 'light'} mode`}$/", "language": "JavaScript", "kind": "field", "scope": "App.aria", "scopeKind": "class"}, {"_type": "tag", "name": "toggleTheme", "path": "/home/kavia/workspace/code-generation/gourmet-delivery-platform-200650-200659/food_delivery_frontend/src/App.js", "pattern": "/^          onClick={toggleTheme}$/", "language": "JavaScript", "kind": "field", "scope": "App.onClick", "scopeKind": "class"}], "hash": "b55dd9e6a018e59207d8e277dffd9e11", "format-version": 4, "code-base-name": "food_delivery_frontend", "filename": "food_delivery_frontend/src/App.js", "fields": [{"name": "aria-label={`Switch to ${theme === 'light' ? 'dark' : 'light'} mode`}", "scope": "App.aria", "scopeKind": "class", "description": "unavailable"}, {"name": "onClick={toggleTheme}", "scope": "App.onClick", "scopeKind": "class", "description": "unavailable"}], "revision_history": [{"22": "6f088ab7e42eadfce2bb77f74ccb305bf94d089d"}]}