{"is_source_file": true, "format": "JavaScript", "description": "This file sets up testing utilities for the frontend project, importing custom matchers from '@testing-library/jest-dom' to enhance Jest testing capabilities for DOM nodes.", "external_files": ["@testing-library/jest-dom"], "external_methods": ["expect", "toHaveTextContent"], "published": [], "classes": [], "methods": [], "calls": ["import '@testing-library/jest-dom'"], "search-terms": ["setupTests.js", "Jest matchers", "testing-library", "jest-dom"], "state": 2, "file_id": 5, "knowledge_revision": 23, "git_revision": "6f088ab7e42eadfce2bb77f74ccb305bf94d089d", "ctags": [], "hash": "1a77571e1a8cf36018a41bcedf60db75", "format-version": 4, "code-base-name": "food_delivery_frontend", "filename": "food_delivery_frontend/src/setupTests.js", "revision_history": [{"23": "6f088ab7e42eadfce2bb77f74ccb305bf94d089d"}]}