{"is_source_file": false, "format": "", "description": "", "external_files": [], "external_methods": [], "published": [], "classes": [], "methods": [], "calls": [], "search-terms": [], "state": 2, "file_id": 1, "knowledge_revision": 17, "git_revision": "0795f23ccef1b06999a48f7ffe80dee119343a17", "hash": "2c32cd5fee89df217870fdea2abcc394", "format-version": 4, "code-base-name": "food_delivery_frontend", "filename": "README.md", "revision_history": [{"17": "0795f23ccef1b06999a48f7ffe80dee119343a17"}]}